bead_id,session_id,agent_id,reviewer_agent_id,commit_sha,orchestrator_dispatch_ts,first_subagent_tool_ts,commit_ts,commit_author_ts,reviewer_last_assistant_ts,spin_up_seconds,task_work_seconds,merge_seconds,reviewer_seconds,total_seconds,notes
hk-iuaed.6,801120b5-ad1a-4ad9-b0ea-5265e4518f67,a927ebabecba1159b,,dcd7f7e5d1a5eb4cf6dc4b292d86a5ea01562c4f,2026-05-15T20:07:54.486000+00:00,2026-05-15T20:07:57.929000+00:00,2026-05-15T20:23:40.600000+00:00,2026-05-15T13:23:40-07:00,,3.4,942.7,-0.6,,945.5,
hk-kqdpf.5,4c818416-adec-40a3-86f4-421919d8e1d3,a824a123e53d008c8,,f24ff5f933946fe6cc28296f8ac41dde9fc86e5b,2026-05-15T18:41:22.267000+00:00,2026-05-15T18:41:25.594000+00:00,2026-05-15T18:45:06.467000+00:00,2026-05-15T11:45:06-07:00,,3.3,220.9,-0.5,,223.7,
hk-qo08q,4c818416-adec-40a3-86f4-421919d8e1d3,a817eb21cc1446215,,76a55be161a5d0c071fd511c47c57f30688ac1ec,2026-05-15T18:51:46.771000+00:00,2026-05-15T18:51:50.487000+00:00,2026-05-15T18:53:31.350000+00:00,2026-05-15T11:53:31-07:00,,3.7,100.9,-0.3,,104.2,
hk-zixbp,4c818416-adec-40a3-86f4-421919d8e1d3,a77c0199ac27ae0be,,cc3da5c1b255fd5bd2c94e859d4d653ae6d1e5c6,2026-05-15T19:01:56.357000+00:00,2026-05-15T19:01:59.733000+00:00,2026-05-15T19:03:47.999000+00:00,2026-05-15T12:03:48-07:00,,3.4,108.3,0.0,,111.6,
hk-w5vra,fed61a3d-3aa9-4c8a-91e7-0b1acb4ec1e8,aa13aec7a96694cd0,,a7a4523,2026-05-15T18:04:13.766000+00:00,2026-05-15T18:04:18.767000+00:00,2026-05-15T18:07:06.186000+00:00,,,5.0,167.4,,,172.4,sha_not_in_repo
hk-do7te,fed61a3d-3aa9-4c8a-91e7-0b1acb4ec1e8,a614d71e3c5243bdd,,e19de6a22f6a516c4e5dad26c1ff88bce2b3aa6e,2026-05-15T18:04:18.774000+00:00,2026-05-15T18:04:22.204000+00:00,2026-05-15T18:10:23.286000+00:00,2026-05-15T11:10:23-07:00,,3.4,361.1,-0.3,,364.2,
hk-lj1p9,fed61a3d-3aa9-4c8a-91e7-0b1acb4ec1e8,a0007389d129e0fc9,,10d4bf599b54562b52abb493888305290e586224,2026-05-15T18:04:51.996000+00:00,2026-05-15T18:04:57.622000+00:00,2026-05-15T18:05:13.826000+00:00,2026-05-15T11:05:13-07:00,,5.6,16.2,-0.8,,21.0,
hk-zs0.21,fed61a3d-3aa9-4c8a-91e7-0b1acb4ec1e8,a47141b359857ca71,,a47141b359857ca71,2026-05-15T18:08:49.885000+00:00,2026-05-15T18:08:53.433000+00:00,2026-05-15T18:11:56.592000+00:00,,,3.5,183.2,,,186.7,sha_not_in_repo
hk-gql20.24,fed61a3d-3aa9-4c8a-91e7-0b1acb4ec1e8,a375e1ed46593507b,,2f0885319ed458080fcb8ade5e8fc010fbf19da4,2026-05-15T18:09:11.451000+00:00,2026-05-15T18:09:15.166000+00:00,2026-05-15T18:19:13.856000+00:00,2026-05-15T11:19:13-07:00,,3.7,598.7,-0.9,,601.5,
hk-ahvq,fed61a3d-3aa9-4c8a-91e7-0b1acb4ec1e8,a89ef3b944a6bcc5f,,3697cc0c9cb5e1a3dcdc93bf1c40dcf000bf1708,2026-05-15T18:10:28.101000+00:00,2026-05-15T18:10:32.013000+00:00,2026-05-15T18:12:39.527000+00:00,2026-05-15T11:12:39-07:00,,3.9,127.5,-0.5,,130.9,
hk-iuaed.5,fed61a3d-3aa9-4c8a-91e7-0b1acb4ec1e8,a623812c947fcf17f,,bedd5a57b0bcfd4987ae53a25567e53c35710e0d,2026-05-15T18:15:23.039000+00:00,2026-05-15T18:15:26.237000+00:00,2026-05-15T18:19:24.502000+00:00,2026-05-15T11:18:33-07:00,,3.2,238.3,-51.5,,190.0,
hk-sx9r.24,fed61a3d-3aa9-4c8a-91e7-0b1acb4ec1e8,ac24714dfaa1852af,,cca00f5a6a31878203cd398496dbe00b488b5e1b,2026-05-15T18:17:05.964000+00:00,2026-05-15T18:17:09.546000+00:00,2026-05-15T18:20:41.935000+00:00,2026-05-15T11:20:42-07:00,,3.6,212.4,0.1,,216.0,
hk-sx9r.27,fed61a3d-3aa9-4c8a-91e7-0b1acb4ec1e8,ad7cf02ebe4cd5c34,,2af7dfaf25dd44f872c66d429ceddde7e484b318,2026-05-15T18:17:09.936000+00:00,2026-05-15T18:17:13.024000+00:00,2026-05-15T18:20:51.835000+00:00,2026-05-15T11:20:51-07:00,,3.1,218.8,-0.8,,221.1,
hk-sx9r.69,fed61a3d-3aa9-4c8a-91e7-0b1acb4ec1e8,ab4532e59e240bb51,,ab4532e59e240bb51,2026-05-15T18:17:17.043000+00:00,2026-05-15T18:17:22.465000+00:00,2026-05-15T18:20:59.827000+00:00,,,5.4,217.4,,,222.8,sha_not_in_repo
hk-gql20,fed61a3d-3aa9-4c8a-91e7-0b1acb4ec1e8,af7aa914bdf4ee1da,,a8b656854f17e5d61d2fcd551b54e71b8b711a33,2026-05-15T18:31:46.746000+00:00,2026-05-15T18:31:49.490000+00:00,2026-05-15T18:32:06.709000+00:00,2026-05-15T11:35:02-07:00,,2.7,17.2,175.3,,195.3,
hk-zs0.30,fed61a3d-3aa9-4c8a-91e7-0b1acb4ec1e8,ad006c704aeb0ce51,,a79c2a72e9ba97e11739bb97bdacbcf0d083d9d8,2026-05-15T18:31:54.322000+00:00,2026-05-15T18:31:57.128000+00:00,2026-05-15T18:33:53.185000+00:00,2026-05-15T11:33:53-07:00,,2.8,116.1,-0.2,,118.7,
hk-ftyvo,db8d1c56-2c60-4b55-83fe-c29ab3ff3eea,a23f5d37275a9cc55,,a23f5d37275a9cc55,2026-05-15T06:45:19.166000+00:00,2026-05-15T06:45:22.920000+00:00,2026-05-15T06:57:29.889000+00:00,,,3.8,727.0,,,730.7,sha_not_in_repo
hk-qo08q.1,db8d1c56-2c60-4b55-83fe-c29ab3ff3eea,ac554a8300e0080ca,,f2e03505a7e6f4e1d566d3ad283d7a8193c0027e,2026-05-15T06:45:30.172000+00:00,2026-05-15T06:45:33.245000+00:00,2026-05-15T06:47:16.578000+00:00,2026-05-14T23:47:16-07:00,,3.1,103.3,-0.6,,105.8,
hk-a6nob,db8d1c56-2c60-4b55-83fe-c29ab3ff3eea,a0148245713fb629e,,7514849c4816776d7e481262928b40226e8d9f43,2026-05-15T06:48:24.089000+00:00,2026-05-15T06:48:27.079000+00:00,2026-05-15T06:52:41.784000+00:00,2026-05-14T23:52:41-07:00,,3.0,254.7,-0.8,,256.9,
hk-8mwo.33,db8d1c56-2c60-4b55-83fe-c29ab3ff3eea,a2629815b9e5165cf,,9b3258b0358643b6e4d5c6b0c30c33ab5d9b327a,2026-05-15T06:53:42.394000+00:00,2026-05-15T06:53:47.989000+00:00,2026-05-15T06:57:27.313000+00:00,2026-05-14T23:57:27-07:00,,5.6,219.3,-0.3,,224.6,
hk-iuaed.1,db8d1c56-2c60-4b55-83fe-c29ab3ff3eea,a413460194eb6078c,,a413460194eb6078c,2026-05-15T15:52:23.228000+00:00,2026-05-15T15:52:26.450000+00:00,2026-05-15T15:54:44.762000+00:00,,,3.2,138.3,,,141.5,sha_not_in_repo
hk-4woeq,db8d1c56-2c60-4b55-83fe-c29ab3ff3eea,a2cfc619f065973f4,,a413460194eb6078c,2026-05-15T15:52:33.263000+00:00,2026-05-15T15:52:36.985000+00:00,2026-05-15T15:55:06.226000+00:00,,,3.7,149.2,,,153.0,sha_not_in_repo
hk-nvrvp,db8d1c56-2c60-4b55-83fe-c29ab3ff3eea,a6dd68afca3c1b331,,ae1fa8f,2026-05-15T15:57:56.037000+00:00,2026-05-15T15:57:59.313000+00:00,2026-05-15T16:04:47.536000+00:00,,,3.3,408.2,,,411.5,sha_not_in_repo
hk-tpx35,db8d1c56-2c60-4b55-83fe-c29ab3ff3eea,a8cce29c3702acbb3,,3121117969f31eccf96d7e5726abf0936c2f874f,2026-05-15T16:11:11.943000+00:00,2026-05-15T16:11:15.592000+00:00,2026-05-15T16:12:56.814000+00:00,2026-05-15T09:13:53-07:00,,3.6,101.2,56.2,,161.1,
hk-gkljz,db8d1c56-2c60-4b55-83fe-c29ab3ff3eea,a2c2f4dfeea102e07,,34dbf59,2026-05-15T16:11:20.483000+00:00,2026-05-15T16:11:24.039000+00:00,2026-05-15T16:13:47.828000+00:00,,,3.6,143.8,,,147.3,sha_not_in_repo
hk-te8zy,db8d1c56-2c60-4b55-83fe-c29ab3ff3eea,a5e6b47a4be987063,,0e39bb6,2026-05-15T16:11:27.055000+00:00,2026-05-15T16:11:30.782000+00:00,2026-05-15T16:15:12.194000+00:00,,,3.7,221.4,,,225.1,sha_not_in_repo
hk-rb6s3,db8d1c56-2c60-4b55-83fe-c29ab3ff3eea,afdca7a17fd0f0202,,1f0a6f5,2026-05-15T16:11:35.058000+00:00,2026-05-15T16:11:40.065000+00:00,2026-05-15T16:13:36.174000+00:00,,,5.0,116.1,,,121.1,sha_not_in_repo
hk-hn363,db8d1c56-2c60-4b55-83fe-c29ab3ff3eea,ad22518307c1806bb,,4e546f7,2026-05-15T16:14:49.201000+00:00,2026-05-15T16:14:52.365000+00:00,2026-05-15T16:16:42.911000+00:00,,,3.2,110.5,,,113.7,sha_not_in_repo
hk-yslws,db8d1c56-2c60-4b55-83fe-c29ab3ff3eea,ad2ff550d45b9f232,,24bf2a2,2026-05-15T16:14:58.908000+00:00,2026-05-15T16:15:02.597000+00:00,2026-05-15T16:20:19.578000+00:00,,,3.7,317.0,,,320.7,sha_not_in_repo
hk-zxqaa,db8d1c56-2c60-4b55-83fe-c29ab3ff3eea,aa34699cdba685a6f,,275227980cd2394a4f65976c56bad056af8c91b6,2026-05-15T16:21:11.852000+00:00,2026-05-15T16:21:15.200000+00:00,2026-05-15T16:24:07.965000+00:00,2026-05-15T09:24:08-07:00,,3.3,172.8,0.0,,176.1,
hk-yr8nn,db8d1c56-2c60-4b55-83fe-c29ab3ff3eea,a5530d0d639f1b1cb,,3db0c48,2026-05-15T16:21:23.857000+00:00,2026-05-15T16:21:27.521000+00:00,2026-05-15T16:26:16.346000+00:00,,,3.7,288.8,,,292.5,sha_not_in_repo
hk-e4s70,db8d1c56-2c60-4b55-83fe-c29ab3ff3eea,ae65e566f5c5889d8,,2cf0210,2026-05-15T16:21:32.545000+00:00,2026-05-15T16:21:35.920000+00:00,2026-05-15T16:25:45.947000+00:00,,,3.4,250.0,,,253.4,sha_not_in_repo
hk-soxgu,db8d1c56-2c60-4b55-83fe-c29ab3ff3eea,a2bb304ee93984fa8,,d5006d9,2026-05-15T16:31:27.583000+00:00,2026-05-15T16:31:31.404000+00:00,2026-05-15T16:34:43.315000+00:00,,,3.8,191.9,,,195.7,sha_not_in_repo
hk-j808w,db8d1c56-2c60-4b55-83fe-c29ab3ff3eea,a7d330a893fa64d2f,,74c11a6ee6b440d836e83d2c7f799ece58d57a0a,2026-05-15T16:31:36.582000+00:00,2026-05-15T16:31:41.215000+00:00,2026-05-15T16:45:12.833000+00:00,2026-05-15T09:45:12-07:00,,4.6,811.6,-0.8,,815.4,
hk-fwpc0,db8d1c56-2c60-4b55-83fe-c29ab3ff3eea,a419bbe30b9c1e479,,c469349,2026-05-15T16:31:48.702000+00:00,2026-05-15T16:31:52.724000+00:00,2026-05-15T16:37:09.485000+00:00,,,4.0,316.8,,,320.8,sha_not_in_repo
hk-8d37t,db8d1c56-2c60-4b55-83fe-c29ab3ff3eea,a41b74fa8af63ab66,,ca4bae6,2026-05-15T16:31:57.649000+00:00,2026-05-15T16:32:01.859000+00:00,2026-05-15T16:34:30.365000+00:00,,,4.2,148.5,,,152.7,sha_not_in_repo
hk-010vp,db8d1c56-2c60-4b55-83fe-c29ab3ff3eea,a15b998b7a90f5f98,,a78db8a3a8d50af44c689654597b3259c149f756,2026-05-15T16:32:04.611000+00:00,2026-05-15T16:32:08.337000+00:00,2026-05-15T16:33:31.333000+00:00,2026-05-15T09:33:59-07:00,,3.7,83.0,27.7,,114.4,
hk-ionle,db8d1c56-2c60-4b55-83fe-c29ab3ff3eea,adb602bd4629ba523,,94c33a3,2026-05-15T16:32:13.154000+00:00,2026-05-15T16:32:17.248000+00:00,2026-05-15T16:36:51.213000+00:00,,,4.1,274.0,,,278.1,sha_not_in_repo
hk-fdyip,db8d1c56-2c60-4b55-83fe-c29ab3ff3eea,a922cc5372087ea04,,d92a8e10c86a531396bffd5425052bb1e851ca8a,2026-05-15T16:36:17.160000+00:00,2026-05-15T16:36:20.701000+00:00,2026-05-15T16:59:38.336000+00:00,2026-05-15T09:59:38-07:00,,3.5,1397.6,-0.3,,1400.8,
hk-nomxl,db8d1c56-2c60-4b55-83fe-c29ab3ff3eea,ad7a5df453f06f54f,,552b4bd,2026-05-15T16:41:41.704000+00:00,2026-05-15T16:41:45.553000+00:00,2026-05-15T16:57:41.703000+00:00,,,3.8,956.1,,,960.0,sha_not_in_repo
hk-mz0x4,db8d1c56-2c60-4b55-83fe-c29ab3ff3eea,a822e4decfc338f7e,,c936949,2026-05-15T16:41:51.949000+00:00,2026-05-15T16:41:56.306000+00:00,2026-05-15T16:45:40.382000+00:00,,,4.4,224.1,,,228.4,sha_not_in_repo
hk-8i31.66,db8d1c56-2c60-4b55-83fe-c29ab3ff3eea,a3da0a606782add4a,,3c723afd6ede5424ed26f1a7684e47ce4108ccdd,2026-05-15T16:48:52.099000+00:00,2026-05-15T16:48:57.280000+00:00,2026-05-15T16:51:24.548000+00:00,2026-05-15T09:51:24-07:00,,5.2,147.3,-0.5,,151.9,
hk-sx9r.72,db8d1c56-2c60-4b55-83fe-c29ab3ff3eea,ac3c4f74cdf4a8406,,b565473,2026-05-15T16:49:00.586000+00:00,2026-05-15T16:49:05.707000+00:00,2026-05-15T16:52:35.800000+00:00,,,5.1,210.1,,,215.2,sha_not_in_repo
hk-8mwo.14,db8d1c56-2c60-4b55-83fe-c29ab3ff3eea,abb54f5b86ef668da,,59dcea9,2026-05-15T16:49:08.208000+00:00,2026-05-15T16:49:11.885000+00:00,2026-05-15T16:52:17.737000+00:00,,,3.7,185.9,,,189.5,sha_not_in_repo
hk-8mwo.57,db8d1c56-2c60-4b55-83fe-c29ab3ff3eea,aa6ebbcf3e2792b87,,6758e54,2026-05-15T16:54:06.424000+00:00,2026-05-15T16:54:11.077000+00:00,2026-05-15T16:57:54.029000+00:00,,,4.7,223.0,,,227.6,sha_not_in_repo
hk-sx9r.23,db8d1c56-2c60-4b55-83fe-c29ab3ff3eea,a87ef9bb530fcbee4,,fe8dd8c10dc1befebced8f37ba4e35265890c59d,2026-05-15T16:54:15.386000+00:00,2026-05-15T16:54:19.082000+00:00,2026-05-15T16:56:48.746000+00:00,2026-05-15T09:56:48-07:00,,3.7,149.7,-0.7,,152.6,
hk-45ude,db8d1c56-2c60-4b55-83fe-c29ab3ff3eea,a1105b452b9ca1515,,1873195,2026-05-15T17:01:08.032000+00:00,2026-05-15T17:01:12.404000+00:00,2026-05-15T17:23:54.435000+00:00,,,4.4,1362.0,,,1366.4,sha_not_in_repo
hk-hqwn.44,8833578b-0276-431c-8c41-76e45dc0254e,a172180ace82de72d,,2e9ce197bf02cb325b25a1c6cff1079498e675f1,2026-05-14T20:51:07.952000+00:00,2026-05-14T20:51:10.286000+00:00,2026-05-14T20:53:05.134000+00:00,2026-05-14T13:53:05-07:00,,2.3,114.8,-0.1,,117.0,
hk-hqwn.49,8833578b-0276-431c-8c41-76e45dc0254e,a27301ebf96b5b9cb,,a27301ebf96b5b9cb,2026-05-14T20:51:11.380000+00:00,2026-05-14T20:51:13.954000+00:00,2026-05-14T20:56:23.252000+00:00,,,2.6,309.3,,,311.9,sha_not_in_repo
hk-hqwn.52,8833578b-0276-431c-8c41-76e45dc0254e,a254cac893b94aad7,,a254cac893b94aad7,2026-05-14T20:51:18.539000+00:00,2026-05-14T20:51:20.851000+00:00,2026-05-14T20:57:33.794000+00:00,,,2.3,372.9,,,375.3,sha_not_in_repo
hk-hqwn.59.27,8833578b-0276-431c-8c41-76e45dc0254e,a2549bc200fa175d9,,a2549bc200fa175d9,2026-05-14T20:51:22.981000+00:00,2026-05-14T20:51:25.278000+00:00,2026-05-14T20:53:56.280000+00:00,,,2.3,151.0,,,153.3,sha_not_in_repo
hk-8i31.27,8833578b-0276-431c-8c41-76e45dc0254e,a98e4f98be8711d91,,a98e4f98be8711d91,2026-05-14T20:51:29.659000+00:00,2026-05-14T20:51:32.178000+00:00,2026-05-14T20:55:07.762000+00:00,,,2.5,215.6,,,218.1,sha_not_in_repo
hk-8i31.41,8833578b-0276-431c-8c41-76e45dc0254e,ac06918d4c614b4dd,,ac06918d4c614b4dd,2026-05-14T20:51:33.440000+00:00,2026-05-14T20:51:36.802000+00:00,2026-05-14T20:58:28.650000+00:00,,,3.4,411.8,,,415.2,sha_not_in_repo
hk-mmvcm,8833578b-0276-431c-8c41-76e45dc0254e,acfb191c459b697f9,,1ae9782e6de02ac165b30b452e23b78265441ab7,2026-05-14T21:04:57.967000+00:00,2026-05-14T21:05:01.199000+00:00,2026-05-14T21:07:49.642000+00:00,2026-05-14T14:07:49-07:00,,3.2,168.4,-0.6,,171.0,
hk-6x7dw,8833578b-0276-431c-8c41-76e45dc0254e,abb8289902b97b6cc,,abb8289902b97b6cc,2026-05-14T21:05:03.307000+00:00,2026-05-14T21:05:05.603000+00:00,2026-05-14T21:08:44.409000+00:00,,,2.3,218.8,,,221.1,sha_not_in_repo
hk-xlach,8833578b-0276-431c-8c41-76e45dc0254e,a7c8d1af20573089f,,a7c8d1af20573089f,2026-05-14T21:05:07.753000+00:00,2026-05-14T21:05:10.655000+00:00,2026-05-14T21:08:45.438000+00:00,,,2.9,214.8,,,217.7,sha_not_in_repo
hk-qo96c,8833578b-0276-431c-8c41-76e45dc0254e,af7db43a41ec1941a,,af7db43a41ec1941a,2026-05-14T21:05:11.309000+00:00,2026-05-14T21:05:13.609000+00:00,2026-05-14T21:11:48.921000+00:00,,,2.3,395.3,,,397.6,sha_not_in_repo
hk-gerqr,8833578b-0276-431c-8c41-76e45dc0254e,af1eea752d32b6ac2,,af1eea752d32b6ac2,2026-05-14T21:05:14.632000+00:00,2026-05-14T21:05:16.845000+00:00,2026-05-14T21:10:21.689000+00:00,,,2.2,304.8,,,307.1,sha_not_in_repo
hk-qo08q.22,8833578b-0276-431c-8c41-76e45dc0254e,a3746890231b36225,,a3746890231b36225,2026-05-14T21:14:43.730000+00:00,2026-05-14T21:14:46.109000+00:00,2026-05-14T21:21:10.510000+00:00,,,2.4,384.4,,,386.8,sha_not_in_repo
hk-qo08q.24,8833578b-0276-431c-8c41-76e45dc0254e,aa7e5d38c11c69ec5,,be91ba654d651a8fe5aec82d8c56cd6d4b9e27c1,2026-05-14T21:14:51.307000+00:00,2026-05-14T21:14:54.059000+00:00,2026-05-14T21:17:40.881000+00:00,2026-05-14T14:17:40-07:00,,2.8,166.8,-0.9,,168.7,
hk-u5c5i,8833578b-0276-431c-8c41-76e45dc0254e,a56f172fd2c0a7163,,a56f172fd2c0a7163,2026-05-14T21:14:55.307000+00:00,2026-05-14T21:14:58.192000+00:00,2026-05-14T21:17:43.752000+00:00,,,2.9,165.6,,,168.4,sha_not_in_repo
hk-ordd3,5efbfc30-8f58-4845-9e7c-87033cec99d9,ac211b6753e936975,,72224d5e623ad84d816f13f93f3119aa26cad4ad,2026-05-14T18:10:53.925000+00:00,2026-05-14T18:10:56.481000+00:00,2026-05-14T18:17:53.997000+00:00,2026-05-14T11:17:54-07:00,,2.6,417.5,0.0,,420.1,
hk-oe6zt,5efbfc30-8f58-4845-9e7c-87033cec99d9,a2eed4292b08fca70,,a2eed4292b08fca70,2026-05-14T18:20:21.274000+00:00,2026-05-14T18:20:24.628000+00:00,2026-05-14T18:32:14.696000+00:00,,,3.4,710.1,,,713.4,sha_not_in_repo
hk-icgp1,5efbfc30-8f58-4845-9e7c-87033cec99d9,a4929b8ac46b038df,,a4c7cb46d2915dc8c2fd4a4d9791dc2265d18e67,2026-05-14T18:33:17.409000+00:00,2026-05-14T18:33:20.066000+00:00,2026-05-14T18:44:05.456000+00:00,2026-05-14T11:44:05-07:00,,2.7,645.4,-0.5,,647.6,
hk-umxx4,5efbfc30-8f58-4845-9e7c-87033cec99d9,a802490bce1bf964e,,a802490bce1bf964e,2026-05-14T18:45:07.343000+00:00,2026-05-14T18:45:10.040000+00:00,2026-05-14T18:53:43.911000+00:00,,,2.7,513.9,,,516.6,sha_not_in_repo
hk-7zvh4,5efbfc30-8f58-4845-9e7c-87033cec99d9,abca5518cc665eed6,,c026e4f5605c1ae8485f53f230a31fc13df7059b,2026-05-14T19:31:43.210000+00:00,2026-05-14T19:31:45.770000+00:00,2026-05-14T19:35:24.766000+00:00,2026-05-14T12:35:24-07:00,,2.6,219.0,-0.8,,220.8,
hk-cno1z,5efbfc30-8f58-4845-9e7c-87033cec99d9,a411f0c31db8fc13a,,c897eaee25e8421261a919f4e52bd55c1e3e26f7,2026-05-14T19:32:03.887000+00:00,2026-05-14T19:32:07.677000+00:00,2026-05-14T19:34:50.308000+00:00,2026-05-14T12:34:50-07:00,,3.8,162.6,-0.3,,166.1,
hk-e66ht,5efbfc30-8f58-4845-9e7c-87033cec99d9,a0c018baa254f39cf,,a0c018baa254f39cf,2026-05-14T19:36:52.705000+00:00,2026-05-14T19:36:55.195000+00:00,2026-05-14T19:45:31.651000+00:00,,,2.5,516.5,,,518.9,sha_not_in_repo
hk-mg1ya,5efbfc30-8f58-4845-9e7c-87033cec99d9,a491fa82fd37218b8,,a491fa82fd37218b8,2026-05-14T19:37:14.559000+00:00,2026-05-14T19:37:18.153000+00:00,2026-05-14T19:46:31.936000+00:00,,,3.6,553.8,,,557.4,sha_not_in_repo
hk-xo03m,5efbfc30-8f58-4845-9e7c-87033cec99d9,a3ce6dcc660b159db,,0f8c014112913529e85e6cc9c65edefb7de8af34,2026-05-14T19:37:32.072000+00:00,2026-05-14T19:37:34.531000+00:00,2026-05-14T19:41:17.301000+00:00,2026-05-14T12:41:17-07:00,,2.5,222.8,-0.3,,224.9,
hk-bfvk7,5efbfc30-8f58-4845-9e7c-87033cec99d9,a3bb9b4084fe4360f,,a3bb9b4084fe4360f,2026-05-14T19:42:12.728000+00:00,2026-05-14T19:42:15.512000+00:00,2026-05-14T19:57:16.219000+00:00,,,2.8,900.7,,,903.5,sha_not_in_repo
hk-8ys88,5efbfc30-8f58-4845-9e7c-87033cec99d9,abbd34902dc3d4403,,abbd34902dc3d4403,2026-05-14T19:47:20.460000+00:00,2026-05-14T19:47:22.958000+00:00,2026-05-14T19:53:46.916000+00:00,,,2.5,384.0,,,386.5,sha_not_in_repo
hk-4tttc,5efbfc30-8f58-4845-9e7c-87033cec99d9,a55e8774f7bfa7755,,4022bca,2026-05-14T19:48:32.981000+00:00,2026-05-14T19:48:35.513000+00:00,2026-05-14T19:49:52.885000+00:00,,,2.5,77.4,,,79.9,sha_not_in_repo
hk-1encw,5efbfc30-8f58-4845-9e7c-87033cec99d9,a1902bf5a0dec2db8,,a1902bf5a0dec2db8,2026-05-14T19:48:44.801000+00:00,2026-05-14T19:48:47.029000+00:00,2026-05-14T19:51:17.982000+00:00,,,2.2,151.0,,,153.2,sha_not_in_repo
hk-tjl40,50c3f962-41cd-4453-aa0a-bfcc179e0fd2,a25db03b8de717ea9,,bb416e4760bad115a488dec35ed35ffa239fb67d,2026-05-14T06:27:25.948000+00:00,2026-05-14T06:27:29.869000+00:00,2026-05-14T06:32:54.976000+00:00,2026-05-13T23:32:55-07:00,,3.9,325.1,0.0,,329.1,
hk-lj1p9.4,50c3f962-41cd-4453-aa0a-bfcc179e0fd2,a314f5d7b519bab5b,,1e5dd0c9a287c2c2ef6cccffbae7bfb74d2cf3f2,2026-05-14T07:09:28.252000+00:00,2026-05-14T07:09:32.553000+00:00,2026-05-14T07:29:51.846000+00:00,2026-05-14T00:29:51-07:00,,4.3,1219.3,-0.8,,1222.7,
hk-yngq2,50c3f962-41cd-4453-aa0a-bfcc179e0fd2,acee351d0917008ab,,56f5ce69368142872e8f8e99d6326d5985ccfd4f,2026-05-14T07:37:29.579000+00:00,2026-05-14T07:37:34.060000+00:00,2026-05-14T07:48:13.955000+00:00,2026-05-14T00:48:14-07:00,,4.5,639.9,0.0,,644.4,
hk-cmybm,50c3f962-41cd-4453-aa0a-bfcc179e0fd2,aafb8120992b6393a,,4e4376e700a92a25194516664570c43a0a653785,2026-05-14T09:14:39.406000+00:00,2026-05-14T09:14:41.935000+00:00,2026-05-14T09:46:59.742000+00:00,2026-05-14T02:46:59-07:00,,2.5,1937.8,-0.7,,1939.6,
hk-yrplz,2051200e-5274-4327-a503-dd323bcd0f34,af511d032f24a92e6,,0e51971,2026-05-14T04:12:51.132000+00:00,2026-05-14T04:12:54.492000+00:00,2026-05-14T04:15:54.510000+00:00,,,3.4,180.0,,,183.4,sha_not_in_repo
hk-ultyu,2051200e-5274-4327-a503-dd323bcd0f34,a3cd24a24a497124d,,a00d484b33399cf6c6541a2d49afd10d6cb6211d,2026-05-14T04:12:58.280000+00:00,2026-05-14T04:13:01.762000+00:00,2026-05-14T04:14:23.112000+00:00,2026-05-13T21:14:23-07:00,,3.5,81.3,-0.1,,84.7,
hk-9rfwz,2051200e-5274-4327-a503-dd323bcd0f34,a41fa6887aaebd379,,a41fa6887aaebd379,2026-05-14T04:13:05.246000+00:00,2026-05-14T04:13:08.754000+00:00,2026-05-14T04:14:48.359000+00:00,,,3.5,99.6,,,103.1,sha_not_in_repo
hk-igbx8,2051200e-5274-4327-a503-dd323bcd0f34,a5526a8b2232bf14e,,b9fe783b05186619525c67f7d24ec1e25be8d6a7,2026-05-14T04:47:33.308000+00:00,2026-05-14T04:47:36.967000+00:00,2026-05-14T04:52:53.484000+00:00,2026-05-13T21:52:53-07:00,,3.7,316.5,-0.5,,319.7,
hk-fdyip,2051200e-5274-4327-a503-dd323bcd0f34,aa4d49a0fc429284b,,57ee154b6c00dbde82497f9485a1575c3a428fe8,2026-05-14T04:47:45.390000+00:00,2026-05-14T04:47:49+00:00,2026-05-14T04:52:50.042000+00:00,2026-05-13T21:55:35-07:00,,3.6,301.0,165.0,,469.6,
hk-zrj83,2051200e-5274-4327-a503-dd323bcd0f34,a1675dd06f25b381e,,4248f2a,2026-05-14T04:53:51.327000+00:00,2026-05-14T04:53:54.951000+00:00,2026-05-14T05:12:06.231000+00:00,,,3.6,1091.3,,,1094.9,sha_not_in_repo
hk-lj1p9.1,2051200e-5274-4327-a503-dd323bcd0f34,a3b99be70f4be0142,,a3b99be70f4be0142,2026-05-14T05:33:37.543000+00:00,2026-05-14T05:33:41.152000+00:00,2026-05-14T05:44:28.630000+00:00,,,3.6,647.5,,,651.1,sha_not_in_repo
hk-kqdpf.2,6e3ce55e-a509-4a24-b2b7-a399e3e7682b,abac4e6c14538e48c,,0f004ba6692956fc345d28632eb21cda536ce286,2026-05-13T16:20:36.641000+00:00,2026-05-13T16:20:41.026000+00:00,2026-05-13T16:30:47.496000+00:00,2026-05-13T09:30:47-07:00,,4.4,606.5,-0.5,,610.4,
hk-kqdpf.5,6e3ce55e-a509-4a24-b2b7-a399e3e7682b,aaa96803fda144b10,,4978bf14d4d1febfbc7aaa3322a44ced42428318,2026-05-13T17:21:12.163000+00:00,2026-05-13T17:21:15.653000+00:00,2026-05-13T17:25:42.826000+00:00,2026-05-13T10:25:43-07:00,,3.5,267.2,0.2,,270.8,
hk-e2kwq,6e3ce55e-a509-4a24-b2b7-a399e3e7682b,ae6cb76f48501051f,,9dfd7e8bcb0ff585cd4a62b426a65d1e94f64de2,2026-05-13T17:26:14.538000+00:00,2026-05-13T17:26:19.529000+00:00,2026-05-13T17:32:20.464000+00:00,2026-05-13T10:32:20-07:00,,5.0,360.9,-0.5,,365.5,
hk-kqdpf.5,6e3ce55e-a509-4a24-b2b7-a399e3e7682b,ad2a919f72aecb929,,929c1b4fde06b1d02dfe0c22d12aa7a0a41a2eda,2026-05-13T17:33:07.599000+00:00,2026-05-13T17:33:10.859000+00:00,2026-05-13T17:41:46.276000+00:00,2026-05-13T10:41:46-07:00,,3.3,515.4,-0.3,,518.4,
hk-kqdpf.6,6e3ce55e-a509-4a24-b2b7-a399e3e7682b,a063191ec10785c10,,96de004d096ed03f8f4633221ef7d30a15759da4,2026-05-13T17:43:02.625000+00:00,2026-05-13T17:43:06.292000+00:00,2026-05-13T18:01:52.672000+00:00,2026-05-13T11:07:16-07:00,,3.7,1126.4,323.3,,1453.4,
hk-kqdpf.5,6e3ce55e-a509-4a24-b2b7-a399e3e7682b,af5c221c93e33c3b7,,1bbc017c95ff30b78a9481d2ac31af6c88cdeb8d,2026-05-13T18:08:35.580000+00:00,2026-05-13T18:08:38.558000+00:00,2026-05-13T18:08:56.489000+00:00,2026-05-13T11:14:59-07:00,,3.0,17.9,362.5,,383.4,
hk-gql20.1,12688a9a-00b5-4bd6-b7a2-8fa84c0d6da2,ab18d4a0594c69e04,,ac9d53f,2026-05-13T05:58:23.084000+00:00,2026-05-13T05:58:25.724000+00:00,2026-05-13T06:03:28.169000+00:00,,,2.6,302.4,,,305.1,sha_not_in_repo
hk-gql20.2,12688a9a-00b5-4bd6-b7a2-8fa84c0d6da2,aec77ebbde1430b68,,3cde7ff,2026-05-13T05:58:28.111000+00:00,2026-05-13T05:58:31.603000+00:00,2026-05-13T06:04:38.118000+00:00,,,3.5,366.5,,,370.0,sha_not_in_repo
hk-gql20.3,12688a9a-00b5-4bd6-b7a2-8fa84c0d6da2,a46b5a575319ef2f3,,7078c37,2026-05-13T05:58:33.876000+00:00,2026-05-13T05:58:36.260000+00:00,2026-05-13T06:05:23.199000+00:00,,,2.4,406.9,,,409.3,sha_not_in_repo
hk-gql20.4,12688a9a-00b5-4bd6-b7a2-8fa84c0d6da2,af3f417a2ce557ab3,,af3f417a2ce557ab3,2026-05-13T05:58:40.061000+00:00,2026-05-13T05:58:42.265000+00:00,2026-05-13T06:00:01.136000+00:00,,,2.2,78.9,,,81.1,sha_not_in_repo
hk-gql20.6,12688a9a-00b5-4bd6-b7a2-8fa84c0d6da2,a197a666fc8254d2e,,a5f2b80de64230809,2026-05-13T05:58:49.585000+00:00,2026-05-13T05:58:52.085000+00:00,2026-05-13T06:06:25.993000+00:00,,,2.5,453.9,,,456.4,sha_not_in_repo
hk-gql20.20,12688a9a-00b5-4bd6-b7a2-8fa84c0d6da2,a96b6b51df5d18f80,,a5f2b80de64230809,2026-05-13T05:59:04.657000+00:00,2026-05-13T05:59:07.671000+00:00,2026-05-13T06:05:20.359000+00:00,,,3.0,372.7,,,375.7,sha_not_in_repo
hk-gql20.7,12688a9a-00b5-4bd6-b7a2-8fa84c0d6da2,a102d6e91e9ebecde,,365e8e7,2026-05-13T06:11:55.115000+00:00,2026-05-13T06:11:57.547000+00:00,2026-05-13T06:18:56.032000+00:00,,,2.4,418.5,,,420.9,sha_not_in_repo
hk-gql20.8,12688a9a-00b5-4bd6-b7a2-8fa84c0d6da2,a577f83c651e551c8,,6f1efe02de5f6df3e2617aa73747184ac4133456,2026-05-13T06:12:02.773000+00:00,2026-05-13T06:12:05.134000+00:00,2026-05-13T06:15:09.334000+00:00,2026-05-12T23:15:09-07:00,,2.4,184.2,-0.3,,186.2,
hk-gql20.13,12688a9a-00b5-4bd6-b7a2-8fa84c0d6da2,a18c686866be50220,,3eda86d,2026-05-13T06:12:15.693000+00:00,2026-05-13T06:12:18.554000+00:00,2026-05-13T06:18:21.541000+00:00,,,2.9,363.0,,,365.8,sha_not_in_repo
hk-gql20.17,12688a9a-00b5-4bd6-b7a2-8fa84c0d6da2,a2044c93f97556121,,0332f2c,2026-05-13T06:12:23.462000+00:00,2026-05-13T06:12:25.963000+00:00,2026-05-13T06:17:39.465000+00:00,,,2.5,313.5,,,316.0,sha_not_in_repo
hk-gql20.18,12688a9a-00b5-4bd6-b7a2-8fa84c0d6da2,a6dc144865a304d09,,4b5feb6,2026-05-13T06:12:33.841000+00:00,2026-05-13T06:12:36.237000+00:00,2026-05-13T06:17:31.687000+00:00,,,2.4,295.4,,,297.8,sha_not_in_repo
hk-gql20.21,12688a9a-00b5-4bd6-b7a2-8fa84c0d6da2,ab84b7c0ab479dd14,,f8eb590,2026-05-13T06:12:42.355000+00:00,2026-05-13T06:12:45.170000+00:00,2026-05-13T06:20:44.041000+00:00,,,2.8,478.9,,,481.7,sha_not_in_repo
hk-gql20.9,12688a9a-00b5-4bd6-b7a2-8fa84c0d6da2,a9201e0e91ab949e1,,8576710,2026-05-13T06:20:09.334000+00:00,2026-05-13T06:20:11.674000+00:00,2026-05-13T06:31:49.945000+00:00,,,2.3,698.3,,,700.6,sha_not_in_repo
hk-gql20.10,12688a9a-00b5-4bd6-b7a2-8fa84c0d6da2,aa2d3f50264527eaf,,dd993d2,2026-05-13T06:20:18.876000+00:00,2026-05-13T06:20:21.747000+00:00,2026-05-13T06:24:20.928000+00:00,,,2.9,239.2,,,242.1,sha_not_in_repo
hk-gql20.11,12688a9a-00b5-4bd6-b7a2-8fa84c0d6da2,ae97d05df4ee78078,,ce621b4,2026-05-13T06:20:29.935000+00:00,2026-05-13T06:20:32.793000+00:00,2026-05-13T06:30:46.186000+00:00,,,2.9,613.4,,,616.3,sha_not_in_repo
hk-gql20.22,12688a9a-00b5-4bd6-b7a2-8fa84c0d6da2,a390348c5f10d5d7e,,7f0d8e2,2026-05-13T06:33:05.124000+00:00,2026-05-13T06:33:07.821000+00:00,2026-05-13T06:41:20.628000+00:00,,,2.7,492.8,,,495.5,sha_not_in_repo
hk-gql20.14,12688a9a-00b5-4bd6-b7a2-8fa84c0d6da2,a32a5aee954e883ce,,680f007,2026-05-13T06:43:48.841000+00:00,2026-05-13T06:43:51.628000+00:00,2026-05-13T08:33:10.976000+00:00,,,2.8,6559.3,,,6562.1,sha_not_in_repo
hk-gql20.15,12688a9a-00b5-4bd6-b7a2-8fa84c0d6da2,aa421142dcd2ae0f2,,65f7a46,2026-05-13T06:44:02.972000+00:00,2026-05-13T06:44:05.877000+00:00,2026-05-13T06:57:49.953000+00:00,,,2.9,824.1,,,827.0,sha_not_in_repo
hk-1n0cw.2,7df84270-b32e-463e-8bb4-fad1a52aaded,acc692018dddbc6bd,,d30201e,2026-05-13T00:00:30.481000+00:00,2026-05-13T00:00:33.434000+00:00,2026-05-13T00:12:01.976000+00:00,,,3.0,688.5,,,691.5,sha_not_in_repo
hk-keb6o,7df84270-b32e-463e-8bb4-fad1a52aaded,a416600abc67811a6,,0534c0b7e6dec4b07f3ce9d2224f300e964a6de4,2026-05-13T00:13:11.872000+00:00,2026-05-13T00:13:14.720000+00:00,2026-05-13T00:22:26.584000+00:00,2026-05-12T17:22:26-07:00,,2.8,551.9,-0.6,,554.1,
hk-w5vra.1,7df84270-b32e-463e-8bb4-fad1a52aaded,a7ff36176cfa47cf4,,e9c4a4a,2026-05-13T00:36:56.758000+00:00,2026-05-13T00:36:59.599000+00:00,2026-05-13T00:46:46.623000+00:00,,,2.8,587.0,,,589.9,sha_not_in_repo
hk-w5vra.3,7df84270-b32e-463e-8bb4-fad1a52aaded,a1408084b1fc22490,,c7a2f46,2026-05-13T00:38:04.460000+00:00,2026-05-13T00:38:07.354000+00:00,2026-05-13T00:46:31.307000+00:00,,,2.9,504.0,,,506.8,sha_not_in_repo
hk-w5vra.4,7df84270-b32e-463e-8bb4-fad1a52aaded,a845f8203459d216d,,204d1e7,2026-05-13T00:38:19.208000+00:00,2026-05-13T00:38:21.967000+00:00,2026-05-13T00:42:56.937000+00:00,,,2.8,275.0,,,277.7,sha_not_in_repo
hk-w5vra.6,7df84270-b32e-463e-8bb4-fad1a52aaded,a0df422bd85590e74,,594cb43,2026-05-13T00:38:32.559000+00:00,2026-05-13T00:38:35.279000+00:00,2026-05-13T00:54:42.783000+00:00,,,2.7,967.5,,,970.2,sha_not_in_repo
hk-w5vra.2,7df84270-b32e-463e-8bb4-fad1a52aaded,a25d969d060f04776,,9b6f397,2026-05-13T00:48:08.681000+00:00,2026-05-13T00:48:12.842000+00:00,2026-05-13T00:57:22.932000+00:00,,,4.2,550.1,,,554.3,sha_not_in_repo
hk-w5vra.8,7df84270-b32e-463e-8bb4-fad1a52aaded,a7c8869ed3fed2415,,ed6529f,2026-05-13T00:56:19.403000+00:00,2026-05-13T00:56:23.527000+00:00,2026-05-13T00:58:35.950000+00:00,,,4.1,132.4,,,136.5,sha_not_in_repo
hk-w5vra.2,7df84270-b32e-463e-8bb4-fad1a52aaded,ae5c4e9e5ee9d1f9a,,c118400,2026-05-13T01:00:12.452000+00:00,2026-05-13T01:00:17.037000+00:00,2026-05-13T01:07:27.219000+00:00,,,4.6,430.2,,,434.8,sha_not_in_repo
hk-w5vra.10,7df84270-b32e-463e-8bb4-fad1a52aaded,a85198bc2cdec8cf5,,0f6570a,2026-05-13T01:00:35.692000+00:00,2026-05-13T01:00:40.149000+00:00,2026-05-13T01:03:00.160000+00:00,,,4.5,140.0,,,144.5,sha_not_in_repo
hk-w5vra.9,7df84270-b32e-463e-8bb4-fad1a52aaded,af77556187151a9fa,,58b3acc,2026-05-13T01:06:13.721000+00:00,2026-05-13T01:06:18.573000+00:00,2026-05-13T01:08:21.436000+00:00,,,4.9,122.9,,,127.7,sha_not_in_repo
hk-w5vra.5,7df84270-b32e-463e-8bb4-fad1a52aaded,a3f0928f45c908e6f,,ea4464f3386a2f780f4ed397d6466c65f376a426,2026-05-13T01:12:05.276000+00:00,2026-05-13T01:12:09.613000+00:00,2026-05-13T01:19:55.820000+00:00,2026-05-12T18:19:56-07:00,,4.3,466.2,0.2,,470.7,
hk-p4xbw,77ec4d8e-c1ea-4415-9a60-91e74233c8ee,a9d8460392727ac5d,,a9d8460392727ac5d,2026-05-12T22:56:41.324000+00:00,2026-05-12T22:56:45.354000+00:00,2026-05-12T23:02:48.015000+00:00,,,4.0,362.7,,,366.7,sha_not_in_repo
hk-cdb9f,01514f42-535e-4cee-baad-c67771754390,adca86a266d30944a,,a803dd40398042d0772d34912ff0d8d55c1745bc,2026-05-12T21:20:33.598000+00:00,2026-05-12T21:20:36.019000+00:00,2026-05-12T21:22:01.872000+00:00,2026-05-12T14:22:02-07:00,,2.4,85.9,0.1,,88.4,
hk-7s9z9,01514f42-535e-4cee-baad-c67771754390,ae574ad7255930d71,,e7f5c1912ad7a7bc0d777295f521cc5807369890,2026-05-12T21:20:37.775000+00:00,2026-05-12T21:20:40.069000+00:00,2026-05-12T21:23:50.878000+00:00,2026-05-12T14:23:50-07:00,,2.3,190.8,-0.9,,192.2,
hk-5zode,01514f42-535e-4cee-baad-c67771754390,ac28eeddeeb3f5a03,,930aa5e04984ea569c46cbc87785ed5cf4d10eb7,2026-05-12T21:20:39.673000+00:00,2026-05-12T21:20:41.832000+00:00,2026-05-12T21:25:49.075000+00:00,2026-05-12T14:25:49-07:00,,2.2,307.2,-0.1,,309.3,
hk-5wbzj,01514f42-535e-4cee-baad-c67771754390,a754a6a77f1f45a9e,,ffa3a0f20bbf3f0a35b19b244c1d2e2190291756,2026-05-12T21:59:55.513000+00:00,2026-05-12T21:59:58.081000+00:00,2026-05-12T22:06:23.924000+00:00,2026-05-12T15:06:24-07:00,,2.6,385.8,0.1,,388.5,
hk-33tcf,01514f42-535e-4cee-baad-c67771754390,aa2ae0f2ef85383d7,,2f3329d4787544b71ec8a2d2c18a266de202d845,2026-05-12T22:06:58.913000+00:00,2026-05-12T22:07:01.185000+00:00,2026-05-12T22:08:59.493000+00:00,2026-05-12T15:08:59-07:00,,2.3,118.3,-0.5,,120.1,
hk-zs0.14,a1b6aa78-34bf-43da-925c-cb175d07fecb,a3654c1c2b40dd5d4,,e0b52407063e4f66b1a859945a559ac21b24d3ab,2026-05-11T22:29:03.963000+00:00,2026-05-11T22:29:06.939000+00:00,2026-05-11T22:32:07.265000+00:00,2026-05-11T15:32:07-07:00,,3.0,180.3,-0.3,,183.0,
hk-hqwn.59.22,a1b6aa78-34bf-43da-925c-cb175d07fecb,aeb56230f2e270b80,,b621a634f8d834ade5ddccb3c502f44ad505a556,2026-05-11T22:29:08.832000+00:00,2026-05-11T22:29:11.154000+00:00,2026-05-11T22:32:55.149000+00:00,2026-05-11T15:32:55-07:00,,2.3,224.0,-0.1,,226.2,
hk-8i31.37,a1b6aa78-34bf-43da-925c-cb175d07fecb,a22e09a4fbd101f45,,ae1927549a825547fd757194f9bbd236297735d9,2026-05-12T16:14:11.784000+00:00,2026-05-12T16:14:14.779000+00:00,2026-05-12T16:15:53.900000+00:00,2026-05-12T09:15:54-07:00,,3.0,99.1,0.1,,102.2,
hk-hqwn.19,a1b6aa78-34bf-43da-925c-cb175d07fecb,a9b88edbf170e1c65,,924747c8a8a85702fceb9707715a09f1c8cec08d,2026-05-12T16:17:51.661000+00:00,2026-05-12T16:17:55.041000+00:00,2026-05-12T16:20:30.380000+00:00,2026-05-12T09:20:30-07:00,,3.4,155.3,-0.4,,158.3,
hk-zs0.17,672b6e9a-6012-4a18-9e03-318ffcb862fb,a2548758bdcc1b588,,218955a8575a6b8cfa85aa24b76b3d6a03322aab,2026-05-11T05:54:19.185000+00:00,2026-05-11T05:54:22.295000+00:00,2026-05-11T05:56:24.115000+00:00,2026-05-10T22:56:24-07:00,,3.1,121.8,-0.1,,124.8,
hk-i0tw.15,672b6e9a-6012-4a18-9e03-318ffcb862fb,a0dbd1643e5c53624,,fd09379907256ec0b2480faac7f395c3e830349e,2026-05-11T05:55:22.702000+00:00,2026-05-11T05:55:25.281000+00:00,2026-05-11T05:57:30.693000+00:00,2026-05-10T22:57:30-07:00,,2.6,125.4,-0.7,,127.3,
hk-zs0.26,672b6e9a-6012-4a18-9e03-318ffcb862fb,ae30e6d6df34d482c,,20a5cfd5d8100ed724a5afa3b366e4c5ca26ac27,2026-05-11T05:56:33.628000+00:00,2026-05-11T05:56:36.572000+00:00,2026-05-11T05:58:47.869000+00:00,2026-05-10T22:58:47-07:00,,2.9,131.3,-0.9,,133.4,
hk-sx9r.20,672b6e9a-6012-4a18-9e03-318ffcb862fb,ad7a358738ab8b38b,,f1f3c457a5885a178723ff0b99a80ed584bb4827,2026-05-11T05:57:03.364000+00:00,2026-05-11T05:57:06.898000+00:00,2026-05-11T06:00:36.455000+00:00,2026-05-10T23:00:36-07:00,,3.5,209.6,-0.5,,212.6,
hk-1hoxo,672b6e9a-6012-4a18-9e03-318ffcb862fb,a3a2e1d90c182396d,,10e821dea0cb6e76a327055ba4d6fefe1fdfa56e,2026-05-11T05:57:10.121000+00:00,2026-05-11T05:57:12.661000+00:00,2026-05-11T05:59:52.058000+00:00,2026-05-10T22:59:52-07:00,,2.5,159.4,-0.1,,161.9,
hk-i0tw.28,672b6e9a-6012-4a18-9e03-318ffcb862fb,a9d62b9ae6aaab2ce,,342d6f53d9b172861dd3586c74f0ac48161d3a32,2026-05-11T05:58:35.833000+00:00,2026-05-11T05:58:38.920000+00:00,2026-05-11T06:00:33.319000+00:00,2026-05-10T23:00:33-07:00,,3.1,114.4,-0.3,,117.2,
hk-i0tw.33,672b6e9a-6012-4a18-9e03-318ffcb862fb,ad43af14bf38e4a33,,73f500221aed7cbaeea688537542b373d1a48485,2026-05-11T05:59:38.758000+00:00,2026-05-11T05:59:41.998000+00:00,2026-05-11T06:01:04.684000+00:00,2026-05-10T23:01:04-07:00,,3.2,82.7,-0.7,,85.2,
hk-zs0.28,672b6e9a-6012-4a18-9e03-318ffcb862fb,af97a8824db6d86f0,,ed5c34b2121bd38a0931d5d0a98ea4bb5a5b593e,2026-05-11T06:00:31.022000+00:00,2026-05-11T06:00:34.710000+00:00,2026-05-11T06:05:44.449000+00:00,2026-05-10T23:05:44-07:00,,3.7,309.7,-0.4,,313.0,
hk-i0tw.35,672b6e9a-6012-4a18-9e03-318ffcb862fb,a20418da8cfb7ed85,,4893b96ec27663b61676a6943642095e2b801933,2026-05-11T06:03:02.820000+00:00,2026-05-11T06:03:05.080000+00:00,2026-05-11T06:04:55.605000+00:00,2026-05-10T23:04:55-07:00,,2.3,110.5,-0.6,,112.2,
hk-hqwn.71,14c78c5f-11eb-43eb-9956-963abdecc7db,aabe0ff3c7331e828,,02eb7b0,2026-05-10T16:22:48.048000+00:00,2026-05-10T16:22:50.298000+00:00,2026-05-10T16:31:29.385000+00:00,,,2.2,519.1,,,521.3,sha_not_in_repo
hk-hqwn.73,14c78c5f-11eb-43eb-9956-963abdecc7db,ac75abc83fde8ed4a,,f84b0ba5aadf1dfe7a18428a19b80d736c169eb2,2026-05-10T16:22:57.555000+00:00,2026-05-10T16:22:59.621000+00:00,2026-05-10T16:27:01.073000+00:00,2026-05-10T09:27:01-07:00,,2.1,241.5,-0.1,,243.4,
hk-hqwn.29,14c78c5f-11eb-43eb-9956-963abdecc7db,a77fd93dee1037e1d,,aa0e7c45c60a238405cd159b67958226745caca8,2026-05-10T16:30:15.021000+00:00,2026-05-10T16:30:16.774000+00:00,2026-05-10T16:31:42.410000+00:00,2026-05-10T09:31:42-07:00,,1.8,85.6,-0.4,,87.0,
hk-8mwo.4,14c78c5f-11eb-43eb-9956-963abdecc7db,a47943b117366e65d,,39f50bf,2026-05-10T16:32:08.888000+00:00,2026-05-10T16:32:11.369000+00:00,2026-05-10T16:51:58.559000+00:00,,,2.5,1187.2,,,1189.7,sha_not_in_repo
hk-8i31.52,14c78c5f-11eb-43eb-9956-963abdecc7db,a668fd0f9d1422446,,7edcd58,2026-05-10T16:33:42.380000+00:00,2026-05-10T16:33:45.155000+00:00,2026-05-10T17:55:53.664000+00:00,,,2.8,4928.5,,,4931.3,sha_not_in_repo
hk-sx9r.58,14c78c5f-11eb-43eb-9956-963abdecc7db,a530f5f2d0dab2548,,1f2970b,2026-05-10T16:35:08.299000+00:00,2026-05-10T16:35:10.502000+00:00,2026-05-10T17:46:05.692000+00:00,,,2.2,4255.2,,,4257.4,sha_not_in_repo
hk-8mup.11,14c78c5f-11eb-43eb-9956-963abdecc7db,a3ba1965c5c1e89c8,,00bf570,2026-05-10T16:54:22.001000+00:00,2026-05-10T16:54:24.263000+00:00,2026-05-10T18:20:58.200000+00:00,,,2.3,5193.9,,,5196.2,sha_not_in_repo
hk-63oh.15,14c78c5f-11eb-43eb-9956-963abdecc7db,ae4ddaba7ccdb327a,,4ef8f96,2026-05-10T17:09:03.245000+00:00,2026-05-10T17:09:04.996000+00:00,2026-05-10T17:14:06.154000+00:00,,,1.8,301.2,,,302.9,sha_not_in_repo
hk-ml3rw,14c78c5f-11eb-43eb-9956-963abdecc7db,a33d1abe4f2fe996f,,d166fea199180ead689b89a32f86e3c7769f0b3f,2026-05-10T17:15:32.604000+00:00,2026-05-10T17:15:34.452000+00:00,2026-05-10T17:19:30.085000+00:00,2026-05-10T10:19:30-07:00,,1.8,235.6,-0.1,,237.4,
hk-i0tw.12,14c78c5f-11eb-43eb-9956-963abdecc7db,abed757dc5ed7d3f1,,c742fa0,2026-05-10T17:20:43.243000+00:00,2026-05-10T17:20:45.437000+00:00,2026-05-10T17:26:18.746000+00:00,,,2.2,333.3,,,335.5,sha_not_in_repo
